First Name,Last Name,Email,Employment Status,ID
Abby,Coombs,abby.coombs@certnif.co,"Employee - FT",460
Marcus,Teller,marcus.teller@certnif.co,"Employee - FT",461
Priya,Nandakumar,priya.nandakumar@certnif.co,"Employee - PT",462
Jordan,Hale,jordan.hale@certnif.co,"Contractor",463
Sofia,Brennan,sofia.brennan@certnif.co,"Employee - FT",464
Devon,Ashworth,devon.ashworth@certnif.co,"Employee - PT",465
Layla,Osei,layla.osei@certnif.co,"Employee - FT",466
Nathan,Correia,nathan.correia@certnif.co,"Contractor",467
Camille,Fontaine,camille.fontaine@certnif.co,"Employee - FT",468
Rishi,Kapoor,rishi.kapoor@certnif.co,"Employee - PT",469
Tessa,Holbrook,tessa.holbrook@certnif.co,"Employee - FT",470
Owen,Macintyre,owen.macintyre@certnif.co,"Contractor",471
Aisha,Patel,aisha.patel@certnif.co,"Employee - FT",472
Brendan,Whitfield,brendan.whitfield@certnif.co,"Employee - PT",473
Clara,Munoz,clara.munoz@certnif.co,"Employee - FT",474
Elliot,Garner,elliot.garner@certnif.co,"Contractor",475
Fatima,Hussain,fatima.hussain@certnif.co,"Employee - FT",476
Gavin,Strickland,gavin.strickland@certnif.co,"Employee - PT",477
Helena,Cross,helena.cross@certnif.co,"Employee - FT",478
Isaac,Drummond,isaac.drummond@certnif.co,"Contractor",479
Jade,Worthington,jade.worthington@certnif.co,"Employee - FT",480
Kevin,Lam,kevin.lam@certnif.co,"Employee - PT",481
Lena,Sorensen,lena.sorensen@certnif.co,"Employee - FT",482
Miles,Okafor,miles.okafor@certnif.co,"Contractor",483
Nina,Castellano,nina.castellano@certnif.co,"Employee - FT",484
Oscar,Fleming,oscar.fleming@certnif.co,"Employee - PT",485
Petra,Novak,petra.novak@certnif.co,"Employee - FT",486
Quinn,Adeyemi,quinn.adeyemi@certnif.co,"Contractor",487
Rachel,Thornton,rachel.thornton@certnif.co,"Employee - FT",488
Samuel,Ibarra,samuel.ibarra@certnif.co,"Employee - PT",489
Tara,Weston,tara.weston@certnif.co,"Employee - FT",490
Ulric,Johansson,ulric.johansson@certnif.co,"Contractor",491
Vera,Nakamura,vera.nakamura@certnif.co,"Employee - FT",492
Will,Eze,will.eze@certnif.co,"Employee - PT",493
Xena,Pemberton,xena.pemberton@certnif.co,"Employee - FT",494
Yusuf,Diallo,yusuf.diallo@certnif.co,"Contractor",495
Zoe,Harrington,zoe.harrington@certnif.co,"Employee - FT",496
Adam,Svensson,adam.svensson@certnif.co,"Employee - PT",497
Bella,Ortega,bella.ortega@certnif.co,"Employee - FT",498
Carlos,Fitzgerald,carlos.fitzgerald@certnif.co,"Contractor",499
Diana,Nguyen,diana.nguyen@certnif.co,"Employee - FT",500
Ethan,Kowalski,ethan.kowalski@certnif.co,"Employee - PT",501
Fiona,Blackwell,fiona.blackwell@certnif.co,"Employee - FT",502
George,Anand,george.anand@certnif.co,"Contractor",503
Hannah,Leclair,hannah.leclair@certnif.co,"Employee - FT",504
Ian,Moreau,ian.moreau@certnif.co,"Employee - PT",505
Julia,Santos,julia.santos@certnif.co,"Employee - FT",506
Kyle,Obrien,kyle.obrien@certnif.co,"Contractor",507
Laura,Petrov,laura.petrov@certnif.co,"Employee - FT",508
Mohammed,Farooq,mohammed.farooq@certnif.co,"Employee - PT",509
Nadia,Eriksson,nadia.eriksson@certnif.co,"Employee - FT",510
Patrick,Molina,patrick.molina@certnif.co,"Contractor",511
Rosa,Andersen,rosa.andersen@certnif.co,"Employee - FT",512
Stefan,Okonkwo,stefan.okonkwo@certnif.co,"Employee - PT",513
Tamara,Reyes,tamara.reyes@certnif.co,"Employee - FT",514
Uri,Blum,uri.blum@certnif.co,"Contractor",515
Vanessa,Cheng,vanessa.cheng@certnif.co,"Employee - FT",516
Walter,Dupont,walter.dupont@certnif.co,"Employee - PT",517
Xiomara,Reid,xiomara.reid@certnif.co,"Employee - FT",518
Yasmine,Bouchard,yasmine.bouchard@certnif.co,"Contractor",519
Zachary,Nwosu,zachary.nwosu@certnif.co,"Employee - FT",520
Alicia,Marsh,alicia.marsh@certnif.co,"Employee - PT",521
Boris,Tanaka,boris.tanaka@certnif.co,"Employee - FT",522
Chloe,Decker,chloe.decker@certnif.co,"Contractor",523
Daniel,Ferreira,daniel.ferreira@certnif.co,"Employee - FT",524
Elena,Vasquez,elena.vasquez@certnif.co,"Employee - PT",525
Felix,Hawkins,felix.hawkins@certnif.co,"Employee - FT",526
Grace,Mbeki,grace.mbeki@certnif.co,"Contractor",527
Hugo,Lindqvist,hugo.lindqvist@certnif.co,"Employee - FT",528
Irene,Castillo,irene.castillo@certnif.co,"Employee - PT",529
James,Woolley,james.woolley@certnif.co,"Employee - FT",530
Kira,Papadopoulos,kira.papadopoulos@certnif.co,"Contractor",531
Liam,Obasi,liam.obasi@certnif.co,"Employee - FT",532
Maya,Hoffman,maya.hoffman@certnif.co,"Employee - PT",533
Noah,Petersen,noah.petersen@certnif.co,"Employee - FT",534
Olivia,Watts,olivia.watts@certnif.co,"Contractor",535
Paul,Guerrero,paul.guerrero@certnif.co,"Employee - FT",536
Quinn,Nakagawa,quinn.nakagawa@certnif.co,"Employee - PT",537
Rebecca,Joensen,rebecca.joensen@certnif.co,"Employee - FT",538
Simon,Adebayo,simon.adebayo@certnif.co,"Contractor",539
Theresa,Magnusson,theresa.magnusson@certnif.co,"Employee - FT",540
Uma,Krishnaswamy,uma.krishnaswamy@certnif.co,"Employee - PT",541
Victor,Olsson,victor.olsson@certnif.co,"Employee - FT",542
Wendy,Chakraborty,wendy.chakraborty@certnif.co,"Contractor",543
Xander,Morales,xander.morales@certnif.co,"Employee - FT",544
Yara,Stenback,yara.stenback@certnif.co,"Employee - PT",545
Zara,Hutchinson,zara.hutchinson@certnif.co,"Employee - FT",546
Alexei,Volkov,alexei.volkov@certnif.co,"Contractor",547
Bianca,Tremblay,bianca.tremblay@certnif.co,"Employee - FT",548
Cole,Ashford,cole.ashford@certnif.co,"Employee - PT",549
Dina,Yamamoto,dina.yamamoto@certnif.co,"Employee - FT",550
Eli,Brandt,eli.brandt@certnif.co,"Contractor",551
Freya,Oduya,freya.oduya@certnif.co,"Employee - FT",552
Glen,Rafferty,glen.rafferty@certnif.co,"Employee - PT",553
Hana,Suzuki,hana.suzuki@certnif.co,"Employee - FT",554
Ivan,Korhonen,ivan.korhonen@certnif.co,"Contractor",555
Jasmine,Owens,jasmine.owens@certnif.co,"Employee - FT",556
Kent,Vieira,kent.vieira@certnif.co,"Employee - PT",557
Lily,Mcallister,lily.mcallister@certnif.co,"Employee - FT",558
Marco,Desjardins,marco.desjardins@certnif.co,"Contractor",559
Nora,Abdi,nora.abdi@certnif.co,"Employee - FT",560